main.c:939	unused variable 'delta' [-Wunused-variable]
main.c:940	unused variable 'abs_thr' [-Wunused-variable]
main.c:941	unused variable 'pabs_thr' [-Wunused-variable]
tdc_ble_communication.c:235	unused variable 'Rx_counter' [-Wunused-variable]
tdc_ble_mapping.c:1879	unused variable 'connectionCheckING_Flag' [-Wunused-variable]
tdc_ble_mapping.c:1888	unused variable 'i' [-Wunused-variable]
tdc_ble_mapping.c:1889	unused variable 'p_variable' [-Wunused-variable]
tdc_ble_mapping.c:82	unused variable 'trashValue' [-Wunused-variable]
tdc_ble_remote.c:665	variable 'p_conectedISD_remoconPasskey' set but not used [-Wunused-but-set-variable]
tdc_ble_remote.c:668	unused variable 'p_currentUserName' [-Wunused-variable]
tdc_ble_remote.c:669	unused variable 'p_connected_ids_mapDate' [-Wunused-variable]
tdc_ble_remote.c:670	unused variable 'connected_isd_usableMapNum' [-Wunused-variable]
tdc_ble_remote.c:671	unused variable 'connected_isd_mapDate' [-Wunused-variable]
tdc_ble_remote.c:672	unused variable 'numbering' [-Wunused-variable]
tdc_ble_remote.c:673	unused variable 'find_index' [-Wunused-variable]
tdc_ble_remote.c:674	unused variable 'numOfSame' [-Wunused-variable]
tdc_ble_remote.c:675	unused variable 'maxValue' [-Wunused-variable]
tdc_ble_remote.c:675	unused variable 'tempValue' [-Wunused-variable]
tdc_ble_remote_sp_para.c:17	unused variable 'm' [-Wunused-variable]
tdc_ble_remote_sp_para.c:17	unused variable 'n' [-Wunused-variable]
tdc_ble_remote_sp_para.c:18	unused variable 'errorCode' [-Wunused-variable]
tdc_ble_remote_sp_para.c:26	unused variable 'connectedISD_num' [-Wunused-variable]
tdc_boot.c:185	unused variable 'temp_slot' [-Wunused-variable]
tdc_cfx_eeprom_erase.c:186	unused variable 'isd_num' [-Wunused-variable]
tdc_crc.c:6	unused variable 'i' [-Wunused-variable]
tdc_dfu_ota.c:258	unused variable 'read' [-Wunused-variable]
tdc_dfu_ota.c:259	unused variable 'read_len' [-Wunused-variable]
tdc_dfu_ota.c:355	unused variable 'ret' [-Wunused-variable]
tdc_drv_isl9122.c:90	unused variable 'temp' [-Wunused-variable]
tdc_fs.c:61	unused variable 'fr' [-Wunused-variable]
tdc_fs_event_log.c:173	unused variable 'bt_addr' [-Wunused-variable]
tdc_fs_event_log.c:315	unused variable 'byte_written' [-Wunused-variable]
tdc_fs_event_log.c:317	unused variable 'p_entity_src' [-Wunused-variable]
tdc_fs_event_log.c:318	unused variable 'p_entity_dst' [-Wunused-variable]
tdc_fs_fft.c:581	unused variable 'ret' [-Wunused-variable]
tdc_fs_fft.c:592	unused variable 'ret' [-Wunused-variable]
tdc_fs_map.c:113	unused variable 'ret' [-Wunused-variable]
tdc_fs_map.c:23	unused variable 'ret' [-Wunused-variable]
tdc_fs_map.c:36	unused variable 'ret' [-Wunused-variable]
tdc_fs_map.c:48	unused variable 'ret' [-Wunused-variable]
tdc_fs_map.c:83	unused variable 'ret' [-Wunused-variable]
tdc_fs_map.c:98	unused variable 'ret' [-Wunused-variable]
tdc_isd.c:138	variable 'i' set but not used [-Wunused-but-set-variable]
tdc_isd.c:386	variable 'current_TxPowerLevel' set but not used [-Wunused-but-set-variable]
tdc_isd.c:429	variable 'current_TxPowerLevel' set but not used [-Wunused-but-set-variable]
tdc_isd_fpga.c:461	unused variable 'tempA' [-Wunused-variable]
tdc_isd_fpga.c:461	unused variable 'tempB' [-Wunused-variable]
tdc_isd_fpga.c:461	unused variable 'tempC' [-Wunused-variable]
tdc_isd_fpga.c:479	unused variable 'tempA' [-Wunused-variable]
tdc_isd_fpga.c:479	unused variable 'tempB' [-Wunused-variable]
tdc_isd_fpga.c:479	unused variable 'tempC' [-Wunused-variable]
tdc_isd_fpga.c:496	unused variable 'tempA' [-Wunused-variable]
tdc_isd_fpga.c:496	unused variable 'tempB' [-Wunused-variable]
tdc_isd_fpga.c:496	unused variable 'tempC' [-Wunused-variable]
tdc_isd_fpga.c:844	unused variable 'previousCalValue' [-Wunused-variable]
tdc_isd_fpga.c:845	unused variable 'calValue' [-Wunused-variable]
tdc_isd_init_fpga.c:626	variable 'backtel_cnt_err_cnt' set but not used [-Wunused-but-set-variable]
tdc_isd_map_data.c:119	unused variable 'i' [-Wunused-variable]
tdc_isd_map_data.c:120	variable 'prevPcmOutputMode' set but not used [-Wunused-but-set-variable]
tdc_isd_map_data.c:336	unused variable 'i' [-Wunused-variable]
tdc_isd_map_data.c:337	unused variable 'p_RepositoryFor_buffer' [-Wunused-variable]
tdc_isd_map_data.c:584	unused variable 'i' [-Wunused-variable]
tdc_isd_map_data.c:644	unused variable 'i' [-Wunused-variable]
tdc_isd_map_data.c:721	unused variable 'i' [-Wunused-variable]
tdc_isd_map_data.c:805	unused variable 'i' [-Wunused-variable]
tdc_isd_map_data.c:809	variable 'CommandCompleted' set but not used [-Wunused-but-set-variable]
tdc_isd_map_data.c:904	unused variable 'i' [-Wunused-variable]
tdc_isd_map_ecap.c:109	unused variable 'comparing' [-Wunused-variable]
tdc_isd_map_ecap.c:110	unused variable 'tempValue' [-Wunused-variable]
tdc_isd_map_ecap.c:115	unused variable 'r_isd_registerValue' [-Wunused-variable]
tdc_isd_map_ecap.c:117	unused variable 'last_fpga_settingValue' [-Wunused-variable]
tdc_isd_map_ecap.c:118	unused variable 'w_FPGA_VolatileValue' [-Wunused-variable]
tdc_isd_map_ecap.c:126	variable 'templeteBuff_index' set but not used [-Wunused-but-set-variable]
tdc_isd_map_ecap.c:127	variable 'k' set but not used [-Wunused-but-set-variable]
tdc_isd_map_ecap.c:143	unused variable 'maskerProbeDAC_diff' [-Wunused-variable]
tdc_isd_map_impedance.c:31	unused variable 'w_FPGA_registerValue' [-Wunused-variable]
tdc_isd_map_impedance.c:32	unused variable 'r_FPGA_registerValue' [-Wunused-variable]
tdc_isd_map_impedance.c:33	unused variable 'comparing' [-Wunused-variable]
tdc_isd_map_impedance.c:40	unused variable 'r_isd_registerValue' [-Wunused-variable]
tdc_isd_map_impedance.c:41	unused variable 'bitReverse' [-Wunused-variable]
tdc_isd_map_impedance.c:42	unused variable 'last_fpga_settingValue' [-Wunused-variable]
tdc_isd_map_impedance.c:43	unused variable 'w_FPGA_VolatileValue' [-Wunused-variable]
tdc_isd_map_impedance.c:48	variable 'monopolarImpedanceCheckDone' set but not used [-Wunused-but-set-variable]
tdc_isd_map_live.c:31	unused variable 'programNum_original' [-Wunused-variable]
tdc_isd_map_live.c:33	unused variable 'stimulationTime_ms' [-Wunused-variable]
tdc_isd_map_live.c:42	unused variable 'evenOdd' [-Wunused-variable]
tdc_isd_map_live.c:51	unused variable 'stimul_255' [-Wunused-variable]
tdc_isd_map_live.c:53	unused variable 'tempB' [-Wunused-variable]
tdc_isd_map_live.c:53	variable 'tempA' set but not used [-Wunused-but-set-variable]
tdc_isd_map_live.c:59	unused variable 'ISD_is_connected' [-Wunused-variable]
tdc_isd_map_specific_stim.c:31	unused variable 'last_fpga_settingValue' [-Wunused-variable]
tdc_isd_map_specific_stim.c:32	unused variable 'w_FPGA_registerValue' [-Wunused-variable]
tdc_isd_map_specific_stim.c:41	unused variable 'k' [-Wunused-variable]
tdc_isd_stim_para_setting.c:401	unused variable 'w_FPGA_registerValue' [-Wunused-variable]
tdc_isd_stim_para_setting.c:402	unused variable 'bitReverse' [-Wunused-variable]
tdc_isd_stim_para_setting.c:405	unused variable 'r_isd_registerValue' [-Wunused-variable]
tdc_isd_stim_para_setting.c:406	unused variable 'fifoCounter' [-Wunused-variable]
tdc_isd_stim_para_setting.c:407	unused variable 'compare' [-Wunused-variable]
tdc_isd_stim_para_setting.c:410	unused variable 'en__bipolarRefereceElectorodeIndex' [-Wunused-variable]
tdc_isd_stim_para_setting.c:418	variable 'referencElectrod_index' set but not used [-Wunused-but-set-variable]
tdc_isd_stim_para_setting.c:422	unused variable 'nop' [-Wunused-variable]
tdc_isd_stim_para_setting.c:423	unused variable 'en__bipolarRefer_EelectrodeNum' [-Wunused-variable]
tdc_isd_stim_para_setting.c:424	unused variable 'stimulElectrodeNum' [-Wunused-variable]
tdc_isd_stim_para_setting.c:431	unused variable 'tempA' [-Wunused-variable]
tdc_isd_stim_para_setting.c:431	unused variable 'tempB' [-Wunused-variable]
tdc_isd_stim_para_setting.c:431	unused variable 'tempC' [-Wunused-variable]
tdc_isd_stim_para_setting.c:431	unused variable 'tempD' [-Wunused-variable]
tdc_isd_stim_para_setting.c:47	unused variable 'bitReverse' [-Wunused-variable]
tdc_isd_stim_para_setting.c:48	unused variable 'w_FPGA_registerValue' [-Wunused-variable]
tdc_isd_stim_para_setting.c:51	unused variable 'r_isd_registerValue' [-Wunused-variable]
tdc_isd_stim_para_setting.c:52	unused variable 'fifoCounter' [-Wunused-variable]
tdc_isd_stim_para_setting.c:53	unused variable 'compare' [-Wunused-variable]
tdc_isd_stim_para_setting.c:56	unused variable 'nop' [-Wunused-variable]
tdc_stim_indicator.c:25	unused variable 'toggle' [-Wunused-variable]
tdc_stim_indicator.c:29	unused variable 'p_stimulIndicatorOutOnOff' [-Wunused-variable]
tdc_stim_para_cal.c:186	unused variable 'Offset_DAC_Slope' [-Wunused-variable]
tdc_stim_para_cal.c:187	unused variable 'StimulationDAC_Slope' [-Wunused-variable]
tdc_stim_para_cal.c:190	unused variable 'reciprocal' [-Wunused-variable]
tdc_stim_para_cal.c:191	unused variable 'deliveryCharge_pico' [-Wunused-variable]
tdc_stim_para_cal.c:62	unused variable 'entireAllChanelFrameNum' [-Wunused-variable]
tdc_stim_para_cal.c:62	unused variable 'sumTransferabelChannelNum' [-Wunused-variable]
tdc_stim_para_cal.c:64	unused variable 'numFrame' [-Wunused-variable]
tdc_sys_earpiece.c:15	unused variable 'readValue' [-Wunused-variable]
tdc_sys_error.c:12	unused variable 'temp' [-Wunused-variable]
tdc_sys_error.c:158	unused variable 'value' [-Wunused-variable]
tdc_sys_init.c:236	unused variable 'counter' [-Wunused-variable]
tdc_sys_init.c:237	unused variable 'ret' [-Wunused-variable]
tdc_touch.c:227	unused variable 'lap_start' [-Wunused-variable]
tdc_touch.c:228	unused variable 'lap_end' [-Wunused-variable]
tdc_touch.c:292	unused variable 'pabs_thr' [-Wunused-variable]
